"species","Sample","treat","Order","feed","abundance","S","L","bm_name","a","b","S_bm","L_bm","total_bm"
"ARCA","ARCA14","C","ACAR","pred",1,1,0,"ACAR",0.053,2.494,0.053,0,0.053
"ARCA","ARCA10","C","ACAR","pred",1,1,0,"ACAR",0.053,2.494,0.053,0,0.053
"ARCA","ARCA14","C","ARAN","pred",4,3,1,"ARAN",0.1044,2.296,0.3132,2.51785223292632,2.83105223292632
"ARCA","ARCA1","C","ARAN","pred",1,0,1,"ARAN",0.1044,2.296,0,2.51785223292632,2.51785223292632
"ARCA","ARCA10","C","ARCH","herb",5,5,0,"THYS",0.0071,2.537,0.0355,0,0.0355
"ARCA","ARCA1","C","AUCH","herb",6,6,0,"AUCH",0.0548,2.354,0.3288,0,0.3288
"ARCA","ARCA14","C","AUCH","herb",8,7,1,"AUCH",0.0548,2.354,0.3836,1.43228610281054,1.81588610281054
"ARCA","ARCA5","C","AUCH","herb",2,1,1,"AUCH",0.0548,2.354,0.0548,1.43228610281054,1.48708610281054
"ARCA","ARCA8","C","AUCH","herb",3,2,0,"AUCH",0.0548,2.354,0.1096,0,0.1096
"ARCA","ARCA14","C","COLE","herb",4,2,2,"COLE",0.041,2.64,0.082,3.1860473766526,3.2680473766526
"ARCA","ARCA5","C","COLE","herb",3,1,2,"COLE",0.041,2.64,0.041,3.1860473766526,3.2270473766526
"ARCA","ARCA10","C","COLE","herb",6,4,2,"COLE",0.041,2.64,0.164,3.1860473766526,3.3500473766526
"ARCA","ARCA8","C","COLE","herb",2,1,1,"COLE",0.041,2.64,0.041,1.5930236883263,1.6340236883263
"ARCA","ARCA1","C","DERM","omni",1,1,0,"DERM",0.0015,3.497,0.0015,0,0.0015
"ARCA","ARCA1","C","DIPT","herb",5,5,0,"DIPT",0.0312,2.392,0.156,0,0.156
"ARCA","ARCA8","C","DIPT","herb",2,2,0,"DIPT",0.0312,2.392,0.0624,0,0.0624
"ARCA","ARCA1","C","HETE","pred",2,1,1,"HETE",0.0341,2.688,0.0341,1.41609254248404,1.45019254248404
"ARCA","ARCA10","C","HETE","pred",2,2,0,"HETE",0.0341,2.688,0.0682,0,0.0682
"ARCA","ARCA14","C","HETE","pred",1,0,1,"HETE",0.0341,2.688,0,1.41609254248404,1.41609254248404
"ARCA","ARCA5","C","HETE","pred",1,0,1,"HETE",0.0341,2.688,0,1.41609254248404,1.41609254248404
"ARCA","ARCA14","C","HYME","pred",13,3,10,"HYME",0.1636,1.9,0.4908,22.7875315448393,23.2783315448393
"ARCA","ARCA5","C","HYME","pred",11,1,10,"HYME",0.1636,1.9,0.1636,22.7875315448393,22.9511315448393
"ARCA","ARCA1","C","HYME","pred",1,0,1,"HYME",0.1636,1.9,0,2.27875315448393,2.27875315448393
"ARCA","ARCA10","C","HYME","pred",2,0,2,"HYME",0.1636,1.9,0,4.55750630896787,4.55750630896787
"ARCA","ARCA8","C","HYME","pred",5,3,2,"HYME",0.1636,1.9,0.4908,4.55750630896787,5.04830630896787
"ARCA","ARCA8","C","ISOP","herb",1,1,0,"ISOP",0.0101,2.844,0.0101,0,0.0101
"ARCA","ARCA8","C","LEPI","herb",1,0,1,"LEPI",0.011,2.571,0,0.38840867649477,0.38840867649477
"ARCA","ARCA8","C","MIRID","omni",4,0,4,"HETE",0.0341,2.688,0,5.66437016993615,5.66437016993615
"ARCA","ARCA8","C","ORTH","herb",2,0,2,"ORTH",0.0255,2.637,0,1.97334206296005,1.97334206296005
"ARCA","ARCA10","C","PSOC","herb",4,4,0,"PSOC",0.0425,1.637,0.17,0,0.17
"ARCA","ARCA8","C","PSOC","herb",7,5,2,"PSOC",0.0425,1.637,0.2125,0.822225859566686,1.03472585956669
"ARCA","ARCA1","C","STER","herb",1,1,0,"STER",0.0598,1.724,0.0598,0,0.0598
"ARCA","ARCA10","C","STER","herb",22,18,4,"STER",0.0598,1.724,1.0764,2.61043329682513,3.68683329682513
"ARCA","ARCA14","C","STER","herb",3,3,0,"STER",0.0598,1.724,0.1794,0,0.1794
"ARCA","ARCA5","C","STER","herb",1,1,0,"STER",0.0598,1.724,0.0598,0,0.0598
"ARCA","ARCA11","T","ARAN","pred",4,0,4,"ARAN",0.1044,2.296,0,10.0714089317053,10.0714089317053
"ARCA","ARCA4","T","ARAN","pred",3,1,2,"ARAN",0.1044,2.296,0.1044,5.03570446585264,5.14010446585264
"ARCA","ARCA6","T","ARAN","pred",3,0,3,"ARAN",0.1044,2.296,0,7.55355669877896,7.55355669877896
"ARCA","ARCA7","T","ARAN","pred",1,0,1,"ARAN",0.1044,2.296,0,2.51785223292632,2.51785223292632
"ARCA","ARCA9","T","ARAN","pred",2,2,0,"ARAN",0.1044,2.296,0.2088,0,0.2088
"ARCA","ARCA3","T","ARCH","herb",3,3,0,"THYS",0.0071,2.537,0.0213,0,0.0213
"ARCA","ARCA11","T","AUCH","herb",18,14,4,"AUCH",0.0548,2.354,0.7672,5.72914441124215,6.49634441124214
"ARCA","ARCA2","T","AUCH","herb",5,5,0,"AUCH",0.0548,2.354,0.274,0,0.274
"ARCA","ARCA3","T","AUCH","herb",19,13,6,"AUCH",0.0548,2.354,0.7124,8.59371661686322,9.30611661686322
"ARCA","ARCA4","T","AUCH","herb",8,8,0,"AUCH",0.0548,2.354,0.4384,0,0.4384
"ARCA","ARCA6","T","AUCH","herb",17,13,4,"AUCH",0.0548,2.354,0.7124,5.72914441124215,6.44154441124214
"ARCA","ARCA7","T","AUCH","herb",13,10,3,"AUCH",0.0548,2.354,0.548,4.29685830843161,4.84485830843161
"ARCA","ARCA9","T","AUCH","herb",8,8,0,"AUCH",0.0548,2.354,0.4384,0,0.4384
"ARCA","ARCA11","T","COLE","herb",3,0,3,"COLE",0.041,2.64,0,4.7790710649789,4.7790710649789
"ARCA","ARCA2","T","COLE","herb",8,0,8,"COLE",0.041,2.64,0,12.7441895066104,12.7441895066104
"ARCA","ARCA4","T","COLE","herb",4,0,4,"COLE",0.041,2.64,0,6.37209475330521,6.37209475330521
"ARCA","ARCA6","T","COLE","herb",7,1,6,"COLE",0.041,2.64,0.041,9.55814212995781,9.59914212995781
"ARCA","ARCA7","T","COLE","herb",1,0,1,"COLE",0.041,2.64,0,1.5930236883263,1.5930236883263
"ARCA","ARCA9","T","COLE","herb",4,0,4,"COLE",0.041,2.64,0,6.37209475330521,6.37209475330521
"ARCA","ARCA4","T","DIPT","herb",1,1,0,"DIPT",0.0312,2.392,0.0312,0,0.0312
"ARCA","ARCA3","T","HETE","pred",3,3,0,"HETE",0.0341,2.688,0.1023,0,0.1023
"ARCA","ARCA7","T","HYME","pred",2,1,1,"HYME",0.1636,1.9,0.1636,2.27875315448393,2.44235315448393
"ARCA","ARCA3","T","HYME","pred",1,1,0,"HYME",0.1636,1.9,0.1636,0,0.1636
"ARCA","ARCA2","T","LEPI","herb",2,0,2,"LEPI",0.011,2.571,0,0.776817352989539,0.776817352989539
"ARCA","ARCA6","T","LEPI","herb",1,1,0,"LEPI",0.011,2.571,0.011,0,0.011
"ARCA","ARCA4","T","MIRID","omni",1,0,1,"HETE",0.0341,2.688,0,1.41609254248404,1.41609254248404
"ARCA","ARCA6","T","NEUR","pred",1,1,0,"NEUR",0.0814,1.53,0.0814,0,0.0814
"ARCA","ARCA11","T","NEUR","pred",1,0,1,"NEUR",0.0814,1.53,0,0.678853703459738,0.678853703459738
"ARCA","ARCA7","T","NEUR","pred",3,1,2,"NEUR",0.0814,1.53,0.0814,1.35770740691948,1.43910740691948
"ARCA","ARCA9","T","NEUR","pred",2,2,0,"NEUR",0.0814,1.53,0.1628,0,0.1628
"ARCA","ARCA6","T","ORTH","herb",1,0,1,"ORTH",0.0255,2.637,0,0.986671031480023,0.986671031480023
"ARCA","ARCA3","T","PSOC","herb",2,2,0,"PSOC",0.0425,1.637,0.085,0,0.085
"ARCA","ARCA4","T","PSOC","herb",3,3,0,"PSOC",0.0425,1.637,0.1275,0,0.1275
"ARCA","ARCA6","T","PSOC","herb",3,3,0,"PSOC",0.0425,1.637,0.1275,0,0.1275
"ARCA","ARCA9","T","PSOC","herb",3,1,2,"PSOC",0.0425,1.637,0.0425,0.822225859566686,0.864725859566686
"ARCA","ARCA11","T","STER","herb",17,12,5,"STER",0.0598,1.724,0.7176,3.26304162103142,3.98064162103142
"ARCA","ARCA9","T","STER","herb",2,2,0,"STER",0.0598,1.724,0.1196,0,0.1196
"ARCA","ARCA3","T","STER","herb",17,15,0,"STER",0.0598,1.724,0.897,0,0.897
"ARCA","ARCA6","T","STER","herb",1,1,0,"STER",0.0598,1.724,0.0598,0,0.0598
"ARDO","ARDO10","C","ARAN","pred",1,0,1,"ARAN",0.1044,2.296,0,2.51785223292632,2.51785223292632
"ARDO","ARDO11","C","ARAN","pred",2,1,1,"ARAN",0.1044,2.296,0.1044,2.51785223292632,2.62225223292632
"ARDO","ARDO8","C","ARAN","pred",1,1,0,"ARAN",0.1044,2.296,0.1044,0,0.1044
"ARDO","ARDO9","C","ARAN","pred",2,1,0,"ARAN",0.1044,2.296,0.1044,0,0.1044
"ARDO","ARDO10","C","AUCH","herb",17,12,5,"AUCH",0.0548,2.354,0.6576,7.16143051405268,7.81903051405268
"ARDO","ARDO11","C","AUCH","herb",11,11,0,"AUCH",0.0548,2.354,0.6028,0,0.6028
"ARDO","ARDO13","C","AUCH","herb",4,4,0,"AUCH",0.0548,2.354,0.2192,0,0.2192
"ARDO","ARDO8","C","AUCH","herb",18,10,8,"AUCH",0.0548,2.354,0.548,11.4582888224843,12.0062888224843
"ARDO","ARDO9","C","AUCH","herb",7,7,0,"AUCH",0.0548,2.354,0.3836,0,0.3836
"ARDO","ARDO10","C","COLE","herb",1,0,1,"COLE",0.041,2.64,0,1.5930236883263,1.5930236883263
"ARDO","ARDO11","C","COLE","herb",5,4,1,"COLE",0.041,2.64,0.164,1.5930236883263,1.7570236883263
"ARDO","ARDO13","C","COLE","herb",8,6,2,"COLE",0.041,2.64,0.246,3.1860473766526,3.4320473766526
"ARDO","ARDO8","C","COLE","herb",6,4,2,"COLE",0.041,2.64,0.164,3.1860473766526,3.3500473766526
"ARDO","ARDO11","C","DIPT","herb",1,1,0,"DIPT",0.0312,2.392,0.0312,0,0.0312
"ARDO","ARDO9","C","DIPT","herb",4,4,0,"DIPT",0.0312,2.392,0.1248,0,0.1248
"ARDO","ARDO10","C","HETE","pred",2,2,0,"HETE",0.0341,2.688,0.0682,0,0.0682
"ARDO","ARDO13","C","HETE","pred",5,2,3,"HETE",0.0341,2.688,0.0682,4.24827762745211,4.31647762745211
"ARDO","ARDO8","C","HETE","pred",1,0,1,"HETE",0.0341,2.688,0,1.41609254248404,1.41609254248404
"ARDO","ARDO10","C","HYME","pred",3,2,1,"HYME",0.1636,1.9,0.3272,2.27875315448393,2.60595315448393
"ARDO","ARDO11","C","HYME","pred",2,1,1,"HYME",0.1636,1.9,0.1636,2.27875315448393,2.44235315448393
"ARDO","ARDO13","C","HYME","pred",3,3,0,"HYME",0.1636,1.9,0.4908,0,0.4908
"ARDO","ARDO9","C","HYME","pred",3,0,3,"HYME",0.1636,1.9,0,6.8362594634518,6.8362594634518
"ARDO","ARDO11","C","ISOP","herb",3,0,3,"ISOP",0.0101,2.844,0,1.56207270520174,1.56207270520174
"ARDO","ARDO11","C","LEPI","herb",1,1,0,"LEPI",0.011,2.571,0.011,0,0.011
"ARDO","ARDO13","C","LEPI","herb",1,1,0,"LEPI",0.011,2.571,0.011,0,0.011
"ARDO","ARDO10","C","MIRID","omni",1,0,1,"HETE",0.0341,2.688,0,1.41609254248404,1.41609254248404
"ARDO","ARDO10","C","ORTH","herb",1,0,1,"ORTH",0.0255,2.637,0,0.986671031480023,0.986671031480023
"ARDO","ARDO9","C","PSOC","herb",3,1,2,"PSOC",0.0425,1.637,0.0425,0.822225859566686,0.864725859566686
"ARDO","ARDO9","C","STER","herb",9,9,0,"STER",0.0598,1.724,0.5382,0,0.5382
"ARDO","ARDO9","C","THYS","herb",1,0,1,"THYS",0.0071,2.537,0,0.239157798349984,0.239157798349984
"ARDO","ARDO7","T","ACAR","pred",1,1,0,"ACAR",0.053,2.494,0.053,0,0.053
"ARDO","ARDO1","T","ARAN","pred",3,2,1,"ARAN",0.1044,2.296,0.2088,2.51785223292632,2.72665223292632
"ARDO","ARDO3","T","ARAN","pred",4,3,1,"ARAN",0.1044,2.296,0.3132,2.51785223292632,2.83105223292632
"ARDO","ARDO4","T","ARAN","pred",3,1,2,"ARAN",0.1044,2.296,0.1044,5.03570446585264,5.14010446585264
"ARDO","ARDO6","T","ARAN","pred",2,1,1,"ARAN",0.1044,2.296,0.1044,2.51785223292632,2.62225223292632
"ARDO","ARDO7","T","ARAN","pred",3,1,2,"ARAN",0.1044,2.296,0.1044,5.03570446585264,5.14010446585264
"ARDO","ARDO5","T","ARCH","herb",1,0,1,"THYS",0.0071,2.537,0,0.239157798349984,0.239157798349984
"ARDO","ARDO1","T","AUCH","herb",11,10,1,"AUCH",0.0548,2.354,0.548,1.43228610281054,1.98028610281054
"ARDO","ARDO12","T","AUCH","herb",30,26,4,"AUCH",0.0548,2.354,1.4248,5.72914441124215,7.15394441124215
"ARDO","ARDO3","T","AUCH","herb",13,11,2,"AUCH",0.0548,2.354,0.6028,2.86457220562107,3.46737220562107
"ARDO","ARDO4","T","AUCH","herb",12,7,5,"AUCH",0.0548,2.354,0.3836,7.16143051405268,7.54503051405268
"ARDO","ARDO6","T","AUCH","herb",4,4,0,"AUCH",0.0548,2.354,0.2192,0,0.2192
"ARDO","ARDO7","T","AUCH","herb",6,5,1,"AUCH",0.0548,2.354,0.274,1.43228610281054,1.70628610281054
"ARDO","ARDO12","T","COCC","pred",8,3,5,"COLE",0.041,2.64,0.123,7.96511844163151,8.08811844163151
"ARDO","ARDO5","T","COCC","pred",4,0,4,"COLE",0.041,2.64,0,6.37209475330521,6.37209475330521
"ARDO","ARDO1","T","COLE","herb",9,2,7,"COLE",0.041,2.64,0.082,11.1511658182841,11.2331658182841
"ARDO","ARDO3","T","COLE","herb",10,7,3,"COLE",0.041,2.64,0.287,4.7790710649789,5.0660710649789
"ARDO","ARDO6","T","COLE","herb",1,0,1,"COLE",0.041,2.64,0,1.5930236883263,1.5930236883263
"ARDO","ARDO4","T","COLE","herb",11,9,2,"COLE",0.041,2.64,0.369,3.1860473766526,3.5550473766526
"ARDO","ARDO1","T","DIPT","herb",4,3,1,"DIPT",0.0312,2.392,0.0936,0.859571669637562,0.953171669637562
"ARDO","ARDO3","T","DIPT","herb",6,4,2,"DIPT",0.0312,2.392,0.1248,1.71914333927512,1.84394333927512
"ARDO","ARDO7","T","DIPT","herb",1,1,0,"DIPT",0.0312,2.392,0.0312,0,0.0312
"ARDO","ARDO4","T","DIPT","herb",1,1,0,"DIPT",0.0312,2.392,0.0312,0,0.0312
"ARDO","ARDO5","T","DIPT","herb",1,1,0,"DIPT",0.0312,2.392,0.0312,0,0.0312
"ARDO","ARDO12","T","HETE","pred",4,4,0,"HETE",0.0341,2.688,0.1364,0,0.1364
"ARDO","ARDO7","T","HETE","pred",2,1,1,"HETE",0.0341,2.688,0.0341,1.41609254248404,1.45019254248404
"ARDO","ARDO1","T","HYME","pred",2,1,1,"HYME",0.1636,1.9,0.1636,2.27875315448393,2.44235315448393
"ARDO","ARDO3","T","HYME","pred",1,1,0,"HYME",0.1636,1.9,0.1636,0,0.1636
"ARDO","ARDO6","T","HYME","pred",4,2,2,"HYME",0.1636,1.9,0.3272,4.55750630896787,4.88470630896787
"ARDO","ARDO7","T","HYME","pred",1,0,1,"HYME",0.1636,1.9,0,2.27875315448393,2.27875315448393
"ARDO","ARDO1","T","LEPI","herb",1,1,0,"LEPI",0.011,2.571,0.011,0,0.011
"ARDO","ARDO3","T","LEPI","herb",2,1,1,"LEPI",0.011,2.571,0.011,0.38840867649477,0.39940867649477
"ARDO","ARDO4","T","LEPI","herb",1,1,0,"LEPI",0.011,2.571,0.011,0,0.011
"ARDO","ARDO4","T","MIRID","omni",1,1,0,"HETE",0.0341,2.688,0.0341,0,0.0341
"ARDO","ARDO1","T","PSOC","herb",1,1,0,"PSOC",0.0425,1.637,0.0425,0,0.0425
"ARDO","ARDO1","T","STER","herb",21,21,0,"STER",0.0598,1.724,1.2558,0,1.2558
"ARDO","ARDO3","T","STER","herb",11,11,0,"STER",0.0598,1.724,0.6578,0,0.6578
"ARDO","ARDO4","T","STER","herb",20,14,6,"STER",0.0598,1.724,0.8372,3.9156499452377,4.7528499452377
"ARDO","ARDO5","T","STER","herb",13,10,0,"STER",0.0598,1.724,0.598,0,0.598
"ARDO","ARDO6","T","STER","herb",9,7,2,"STER",0.0598,1.724,0.4186,1.30521664841257,1.72381664841257
"ARDO","ARDO7","T","STER","herb",2,2,0,"STER",0.0598,1.724,0.1196,0,0.1196
"ARDO","ARDO7","T","THYS","herb",1,0,1,"THYS",0.0071,2.537,0,0.239157798349984,0.239157798349984
"ENCA","ENCA5","C","ARAN","pred",4,3,1,"ARAN",0.1044,2.296,0.3132,2.51785223292632,2.83105223292632
"ENCA","ENCA2","C","ARAN","pred",4,2,2,"ARAN",0.1044,2.296,0.2088,5.03570446585264,5.24450446585264
"ENCA","ENCA2","C","AUCH","herb",1,1,0,"AUCH",0.0548,2.354,0.0548,0,0.0548
"ENCA","ENCA5","C","AUCH","herb",6,6,0,"AUCH",0.0548,2.354,0.3288,0,0.3288
"ENCA","ENCA7","C","AUCH","herb",2,1,1,"AUCH",0.0548,2.354,0.0548,1.43228610281054,1.48708610281054
"ENCA","ENCA7","C","COCC","pred",1,0,1,"COLE",0.041,2.64,0,1.5930236883263,1.5930236883263
"ENCA","ENCA10","C","COLE","herb",4,4,0,"COLE",0.041,2.64,0.164,0,0.164
"ENCA","ENCA11","C","COLE","herb",16,16,0,"COLE",0.041,2.64,0.656,0,0.656
"ENCA","ENCA5","C","COLE","herb",10,3,7,"COLE",0.041,2.64,0.123,11.1511658182841,11.2741658182841
"ENCA","ENCA7","C","COLE","herb",15,11,4,"COLE",0.041,2.64,0.451,6.37209475330521,6.82309475330521
"ENCA","ENCA2","C","HETE","pred",1,0,1,"HETE",0.0341,2.688,0,1.41609254248404,1.41609254248404
"ENCA","ENCA11","C","HYME","pred",1,1,0,"HYME",0.1636,1.9,0.1636,0,0.1636
"ENCA","ENCA5","C","HYME","pred",3,3,0,"HYME",0.1636,1.9,0.4908,0,0.4908
"ENCA","ENCA7","C","HYME","pred",2,2,0,"HYME",0.1636,1.9,0.3272,0,0.3272
"ENCA","ENCA2","C","HYME","pred",1,0,1,"HYME",0.1636,1.9,0,2.27875315448393,2.27875315448393
"ENCA","ENCA7","C","LEPI","herb",1,0,1,"LEPI",0.011,2.571,0,0.38840867649477,0.38840867649477
"ENCA","ENCA10","C","MIRID","omni",1,0,1,"HETE",0.0341,2.688,0,1.41609254248404,1.41609254248404
"ENCA","ENCA5","C","MIRID","omni",1,0,1,"HETE",0.0341,2.688,0,1.41609254248404,1.41609254248404
"ENCA","ENCA10","C","PSOC","herb",1,1,0,"PSOC",0.0425,1.637,0.0425,0,0.0425
"ENCA","ENCA5","C","STER","herb",1,1,0,"STER",0.0598,1.724,0.0598,0,0.0598
"ENCA","ENCA4","T","ACAR","pred",2,2,0,"ACAR",0.053,2.494,0.106,0,0.106
"ENCA","ENCA12","T","ARAN","pred",1,0,1,"ARAN",0.1044,2.296,0,2.51785223292632,2.51785223292632
"ENCA","ENCA6","T","ARAN","pred",1,0,1,"ARAN",0.1044,2.296,0,2.51785223292632,2.51785223292632
"ENCA","ENCA8","T","ARAN","pred",3,0,3,"ARAN",0.1044,2.296,0,7.55355669877896,7.55355669877896
"ENCA","ENCA9","T","ARAN","pred",2,1,1,"ARAN",0.1044,2.296,0.1044,2.51785223292632,2.62225223292632
"ENCA","ENCA6","T","ARCH","herb",1,0,1,"THYS",0.0071,2.537,0,0.239157798349984,0.239157798349984
"ENCA","ENCA1","T","AUCH","herb",2,2,0,"AUCH",0.0548,2.354,0.1096,0,0.1096
"ENCA","ENCA14","T","AUCH","herb",3,3,0,"AUCH",0.0548,2.354,0.1644,0,0.1644
"ENCA","ENCA3","T","AUCH","herb",4,4,0,"AUCH",0.0548,2.354,0.2192,0,0.2192
"ENCA","ENCA4","T","AUCH","herb",19,13,6,"AUCH",0.0548,2.354,0.7124,8.59371661686322,9.30611661686322
"ENCA","ENCA6","T","AUCH","herb",8,8,0,"AUCH",0.0548,2.354,0.4384,0,0.4384
"ENCA","ENCA8","T","AUCH","herb",5,2,3,"AUCH",0.0548,2.354,0.1096,4.29685830843161,4.40645830843161
"ENCA","ENCA9","T","AUCH","herb",7,4,3,"AUCH",0.0548,2.354,0.2192,4.29685830843161,4.51605830843161
"ENCA","ENCA1","T","COCC","pred",1,0,1,"COLE",0.041,2.64,0,1.5930236883263,1.5930236883263
"ENCA","ENCA3","T","COCC","pred",3,0,3,"COLE",0.041,2.64,0,4.7790710649789,4.7790710649789
"ENCA","ENCA9","T","COCC","pred",6,2,4,"COLE",0.041,2.64,0.082,6.37209475330521,6.45409475330521
"ENCA","ENCA3","T","COLE","herb",9,5,4,"COLE",0.041,2.64,0.205,6.37209475330521,6.57709475330521
"ENCA","ENCA4","T","COLE","herb",13,6,7,"COLE",0.041,2.64,0.246,11.1511658182841,11.3971658182841
"ENCA","ENCA6","T","COLE","herb",2,2,0,"COLE",0.041,2.64,0.082,0,0.082
"ENCA","ENCA8","T","COLE","herb",12,2,10,"COLE",0.041,2.64,0.082,15.930236883263,16.012236883263
"ENCA","ENCA9","T","COLE","herb",9,2,7,"COLE",0.041,2.64,0.082,11.1511658182841,11.2331658182841
"ENCA","ENCA1","T","DIPT","herb",1,1,0,"DIPT",0.0312,2.392,0.0312,0,0.0312
"ENCA","ENCA4","T","DIPT","herb",4,4,0,"DIPT",0.0312,2.392,0.1248,0,0.1248
"ENCA","ENCA3","T","HETE","pred",1,1,0,"HETE",0.0341,2.688,0.0341,0,0.0341
"ENCA","ENCA8","T","HETE","pred",7,3,4,"HETE",0.0341,2.688,0.1023,5.66437016993615,5.76667016993615
"ENCA","ENCA1","T","HYME","pred",4,3,1,"HYME",0.1636,1.9,0.4908,2.27875315448393,2.76955315448393
"ENCA","ENCA3","T","HYME","pred",1,0,1,"HYME",0.1636,1.9,0,2.27875315448393,2.27875315448393
"ENCA","ENCA4","T","HYME","pred",1,0,1,"HYME",0.1636,1.9,0,2.27875315448393,2.27875315448393
"ENCA","ENCA6","T","HYME","pred",2,1,1,"HYME",0.1636,1.9,0.1636,2.27875315448393,2.44235315448393
"ENCA","ENCA8","T","HYME","pred",4,2,2,"HYME",0.1636,1.9,0.3272,4.55750630896787,4.88470630896787
"ENCA","ENCA9","T","HYME","pred",4,3,1,"HYME",0.1636,1.9,0.4908,2.27875315448393,2.76955315448393
"ENCA","ENCA12","T","HYME","pred",2,1,1,"HYME",0.1636,1.9,0.1636,2.27875315448393,2.44235315448393
"ENCA","ENCA12","T","LEPI","herb",1,0,1,"LEPI",0.011,2.571,0,0.38840867649477,0.38840867649477
"ENCA","ENCA1","T","MIRID","omni",1,0,1,"HETE",0.0341,2.688,0,1.41609254248404,1.41609254248404
"ENCA","ENCA3","T","MIRID","omni",4,2,2,"HETE",0.0341,2.688,0.0682,2.83218508496807,2.90038508496807
"ENCA","ENCA6","T","MIRID","omni",2,2,0,"HETE",0.0341,2.688,0.0682,0,0.0682
"ENCA","ENCA8","T","MIRID","omni",2,1,1,"HETE",0.0341,2.688,0.0341,1.41609254248404,1.45019254248404
"ENCA","ENCA12","T","ORTH","herb",3,1,2,"ORTH",0.0255,2.637,0.0255,1.97334206296005,1.99884206296005
"ENCA","ENCA9","T","PSOC","herb",1,1,0,"PSOC",0.0425,1.637,0.0425,0,0.0425
"ENCA","ENCA12","T","STER","herb",9,9,0,"STER",0.0598,1.724,0.5382,0,0.5382
"ENCA","ENCA14","T","STER","herb",4,4,0,"STER",0.0598,1.724,0.2392,0,0.2392
"ENCA","ENCA6","T","STER","herb",1,1,0,"STER",0.0598,1.724,0.0598,0,0.0598
"ENCA","ENCA4","T","THYS","herb",1,1,0,"THYS",0.0071,2.537,0.0071,0,0.0071
"ERFA","ERFA4","C","ACAR","pred",3,3,0,"ACAR",0.053,2.494,0.159,0,0.159
"ERFA","ERFA4","C","ARAN","pred",2,1,1,"ARAN",0.1044,2.296,0.1044,2.51785223292632,2.62225223292632
"ERFA","ERFA7","C","ARAN","pred",4,4,0,"ARAN",0.1044,2.296,0.4176,0,0.4176
"ERFA","ERFA9","C","ARAN","pred",6,4,2,"ARAN",0.1044,2.296,0.4176,5.03570446585264,5.45330446585264
"ERFA","ERFA1","C","AUCH","herb",8,8,0,"AUCH",0.0548,2.354,0.4384,0,0.4384
"ERFA","ERFA4","C","AUCH","herb",8,7,1,"AUCH",0.0548,2.354,0.3836,1.43228610281054,1.81588610281054
"ERFA","ERFA5","C","AUCH","herb",2,2,0,"AUCH",0.0548,2.354,0.1096,0,0.1096
"ERFA","ERFA7","C","AUCH","herb",2,2,0,"AUCH",0.0548,2.354,0.1096,0,0.1096
"ERFA","ERFA9","C","AUCH","herb",1,1,0,"AUCH",0.0548,2.354,0.0548,0,0.0548
"ERFA","ERFA4","C","COLE","herb",2,1,1,"COLE",0.041,2.64,0.041,1.5930236883263,1.6340236883263
"ERFA","ERFA5","C","COLE","herb",6,5,1,"COLE",0.041,2.64,0.205,1.5930236883263,1.7980236883263
"ERFA","ERFA7","C","COLE","herb",10,10,0,"COLE",0.041,2.64,0.41,0,0.41
"ERFA","ERFA9","C","COLE","herb",7,7,0,"COLE",0.041,2.64,0.287,0,0.287
"ERFA","ERFA1","C","COLE","herb",2,1,1,"COLE",0.041,2.64,0.041,1.5930236883263,1.6340236883263
"ERFA","ERFA7","C","DIPT","herb",2,2,0,"DIPT",0.0312,2.392,0.0624,0,0.0624
"ERFA","ERFA1","C","DIPT","herb",2,1,1,"DIPT",0.0312,2.392,0.0312,0.859571669637562,0.890771669637562
"ERFA","ERFA1","C","HETE","pred",2,0,2,"HETE",0.0341,2.688,0,2.83218508496807,2.83218508496807
"ERFA","ERFA4","C","HETE","pred",5,3,2,"HETE",0.0341,2.688,0.1023,2.83218508496807,2.93448508496807
"ERFA","ERFA7","C","HETE","pred",2,1,1,"HETE",0.0341,2.688,0.0341,1.41609254248404,1.45019254248404
"ERFA","ERFA4","C","HYME","pred",6,4,2,"HYME",0.1636,1.9,0.6544,4.55750630896787,5.21190630896787
"ERFA","ERFA5","C","HYME","pred",5,5,0,"HYME",0.1636,1.9,0.818,0,0.818
"ERFA","ERFA9","C","HYME","pred",3,1,2,"HYME",0.1636,1.9,0.1636,4.55750630896787,4.72110630896787
"ERFA","ERFA1","C","HYME","pred",2,1,1,"HYME",0.1636,1.9,0.1636,2.27875315448393,2.44235315448393
"ERFA","ERFA9","C","LEPI","herb",2,0,2,"LEPI",0.011,2.571,0,0.776817352989539,0.776817352989539
"ERFA","ERFA1","C","MIRID","omni",2,1,1,"HETE",0.0341,2.688,0.0341,1.41609254248404,1.45019254248404
"ERFA","ERFA4","C","MIRID","omni",3,2,1,"HETE",0.0341,2.688,0.0682,1.41609254248404,1.48429254248404
"ERFA","ERFA5","C","MIRID","omni",11,5,6,"HETE",0.0341,2.688,0.1705,8.49655525490422,8.66705525490422
"ERFA","ERFA7","C","MIRID","omni",10,4,6,"HETE",0.0341,2.688,0.1364,8.49655525490422,8.63295525490422
"ERFA","ERFA9","C","MIRID","omni",11,7,4,"HETE",0.0341,2.688,0.2387,5.66437016993615,5.90307016993615
"ERFA","ERFA5","C","NEUR","pred",1,0,1,"NEUR",0.0814,1.53,0,0.678853703459738,0.678853703459738
"ERFA","ERFA1","C","STER","herb",12,12,0,"STER",0.0598,1.724,0.7176,0,0.7176
"ERFA","ERFA4","C","STER","herb",1,1,0,"STER",0.0598,1.724,0.0598,0,0.0598
"ERFA","ERFA4","C","THYS","herb",1,1,0,"THYS",0.0071,2.537,0.0071,0,0.0071
"ERFA","ERFA10","T","ACAR","pred",2,2,0,"ACAR",0.053,2.494,0.106,0,0.106
"ERFA","ERFA12","T","ACAR","pred",4,4,0,"ACAR",0.053,2.494,0.212,0,0.212
"ERFA","ERFA10","T","ARAN","pred",4,2,2,"ARAN",0.1044,2.296,0.2088,5.03570446585264,5.24450446585264
"ERFA","ERFA11","T","ARAN","pred",2,1,1,"ARAN",0.1044,2.296,0.1044,2.51785223292632,2.62225223292632
"ERFA","ERFA12","T","ARAN","pred",2,0,2,"ARAN",0.1044,2.296,0,5.03570446585264,5.03570446585264
"ERFA","ERFA13","T","ARAN","pred",2,2,0,"ARAN",0.1044,2.296,0.2088,0,0.2088
"ERFA","ERFA2","T","ARAN","pred",4,2,2,"ARAN",0.1044,2.296,0.2088,5.03570446585264,5.24450446585264
"ERFA","ERFA6","T","ARAN","pred",4,0,4,"ARAN",0.1044,2.296,0,10.0714089317053,10.0714089317053
"ERFA","ERFA10","T","AUCH","herb",3,3,0,"AUCH",0.0548,2.354,0.1644,0,0.1644
"ERFA","ERFA11","T","AUCH","herb",5,5,0,"AUCH",0.0548,2.354,0.274,0,0.274
"ERFA","ERFA12","T","AUCH","herb",6,6,0,"AUCH",0.0548,2.354,0.3288,0,0.3288
"ERFA","ERFA13","T","AUCH","herb",1,1,0,"AUCH",0.0548,2.354,0.0548,0,0.0548
"ERFA","ERFA3","T","AUCH","herb",1,1,0,"AUCH",0.0548,2.354,0.0548,0,0.0548
"ERFA","ERFA6","T","AUCH","herb",6,4,2,"AUCH",0.0548,2.354,0.2192,2.86457220562107,3.08377220562107
"ERFA","ERFA8","T","AUCH","herb",4,4,0,"AUCH",0.0548,2.354,0.2192,0,0.2192
"ERFA","ERFA10","T","COLE","herb",1,0,1,"COLE",0.041,2.64,0,1.5930236883263,1.5930236883263
"ERFA","ERFA11","T","COLE","herb",5,5,0,"COLE",0.041,2.64,0.205,0,0.205
"ERFA","ERFA12","T","COLE","herb",8,6,2,"COLE",0.041,2.64,0.246,3.1860473766526,3.4320473766526
"ERFA","ERFA2","T","COLE","herb",4,3,1,"COLE",0.041,2.64,0.123,1.5930236883263,1.7160236883263
"ERFA","ERFA3","T","COLE","herb",1,0,1,"COLE",0.041,2.64,0,1.5930236883263,1.5930236883263
"ERFA","ERFA6","T","COLE","herb",3,2,1,"COLE",0.041,2.64,0.082,1.5930236883263,1.6750236883263
"ERFA","ERFA12","T","DIPT","herb",1,1,0,"DIPT",0.0312,2.392,0.0312,0,0.0312
"ERFA","ERFA10","T","HETE","pred",1,1,0,"HETE",0.0341,2.688,0.0341,0,0.0341
"ERFA","ERFA12","T","HETE","pred",2,2,0,"HETE",0.0341,2.688,0.0682,0,0.0682
"ERFA","ERFA3","T","HETE","pred",4,2,2,"HETE",0.0341,2.688,0.0682,2.83218508496807,2.90038508496807
"ERFA","ERFA6","T","HETE","pred",10,8,2,"HETE",0.0341,2.688,0.2728,2.83218508496807,3.10498508496807
"ERFA","ERFA10","T","HYME","pred",3,3,0,"HYME",0.1636,1.9,0.4908,0,0.4908
"ERFA","ERFA11","T","HYME","pred",1,0,1,"HYME",0.1636,1.9,0,2.27875315448393,2.27875315448393
"ERFA","ERFA12","T","HYME","pred",2,0,2,"HYME",0.1636,1.9,0,4.55750630896787,4.55750630896787
"ERFA","ERFA13","T","HYME","pred",3,3,0,"HYME",0.1636,1.9,0.4908,0,0.4908
"ERFA","ERFA2","T","HYME","pred",6,6,0,"HYME",0.1636,1.9,0.9816,0,0.9816
"ERFA","ERFA6","T","HYME","pred",2,0,2,"HYME",0.1636,1.9,0,4.55750630896787,4.55750630896787
"ERFA","ERFA8","T","HYME","pred",1,1,0,"HYME",0.1636,1.9,0.1636,0,0.1636
"ERFA","ERFA6","T","ISOP","herb",1,0,1,"ISOP",0.0101,2.844,0,0.520690901733912,0.520690901733912
"ERFA","ERFA6","T","LEPI","herb",1,0,1,"LEPI",0.011,2.571,0,0.38840867649477,0.38840867649477
"ERFA","ERFA10","T","MIRID","omni",10,9,1,"HETE",0.0341,2.688,0.3069,1.41609254248404,1.72299254248404
"ERFA","ERFA11","T","MIRID","omni",15,7,8,"HETE",0.0341,2.688,0.2387,11.3287403398723,11.5674403398723
"ERFA","ERFA13","T","MIRID","omni",1,1,0,"HETE",0.0341,2.688,0.0341,0,0.0341
"ERFA","ERFA2","T","MIRID","omni",32,27,5,"HETE",0.0341,2.688,0.9207,7.08046271242018,8.00116271242018
"ERFA","ERFA3","T","MIRID","omni",1,1,0,"HETE",0.0341,2.688,0.0341,0,0.0341
"ERFA","ERFA11","T","NEUR","pred",1,1,0,"NEUR",0.0814,1.53,0.0814,0,0.0814
"ERFA","ERFA11","T","ORTH","herb",1,0,1,"ORTH",0.0255,2.637,0,0.986671031480023,0.986671031480023
"ERFA","ERFA8","T","PSOC","herb",9,2,7,"PSOC",0.0425,1.637,0.085,2.8777905084834,2.9627905084834
"ERFA","ERFA12","T","STER","herb",1,1,0,"STER",0.0598,1.724,0.0598,0,0.0598
"ERFA","ERFA13","T","STER","herb",5,4,1,"STER",0.0598,1.724,0.2392,0.652608324206283,0.891808324206283
"ERFA","ERFA6","T","STER","herb",6,5,1,"STER",0.0598,1.724,0.299,0.652608324206283,0.951608324206283
"ERFA","ERFA8","T","STER","herb",13,10,3,"STER",0.0598,1.724,0.598,1.95782497261885,2.55582497261885
"ERFA","ERFA10","T","THYS","herb",6,2,4,"THYS",0.0071,2.537,0.0142,0.956631193399938,0.970831193399938
"ERFA","ERFA11","T","THYS","herb",1,1,0,"THYS",0.0071,2.537,0.0071,0,0.0071
"ERFA","ERFA13","T","THYS","herb",8,3,5,"THYS",0.0071,2.537,0.0213,1.19578899174992,1.21708899174992
"ERFA","ERFA6","T","THYS","herb",3,3,0,"THYS",0.0071,2.537,0.0213,0,0.0213
"ERFA","ERFA8","T","THYS","herb",1,1,0,"THYS",0.0071,2.537,0.0071,0,0.0071
"ERPA","ERPA4","C","ARAN","pred",3,1,2,"ARAN",0.1044,2.296,0.1044,5.03570446585264,5.14010446585264
"ERPA","ERPA8","C","ARAN","pred",1,1,0,"ARAN",0.1044,2.296,0.1044,0,0.1044
"ERPA","ERPA10","C","AUCH","herb",10,10,0,"AUCH",0.0548,2.354,0.548,0,0.548
"ERPA","ERPA2","C","AUCH","herb",5,5,0,"AUCH",0.0548,2.354,0.274,0,0.274
"ERPA","ERPA4","C","AUCH","herb",9,6,3,"AUCH",0.0548,2.354,0.3288,4.29685830843161,4.62565830843161
"ERPA","ERPA6","C","AUCH","herb",8,8,0,"AUCH",0.0548,2.354,0.4384,0,0.4384
"ERPA","ERPA8","C","AUCH","herb",7,7,0,"AUCH",0.0548,2.354,0.3836,0,0.3836
"ERPA","ERPA4","C","COCC","pred",2,2,0,"COLE",0.041,2.64,0.082,0,0.082
"ERPA","ERPA6","C","COCC","pred",4,4,0,"COLE",0.041,2.64,0.164,0,0.164
"ERPA","ERPA4","C","COLE","herb",1,0,1,"COLE",0.041,2.64,0,1.5930236883263,1.5930236883263
"ERPA","ERPA8","C","COLE","herb",14,7,7,"COLE",0.041,2.64,0.287,11.1511658182841,11.4381658182841
"ERPA","ERPA8","C","DIPT","herb",1,1,0,"DIPT",0.0312,2.392,0.0312,0,0.0312
"ERPA","ERPA10","C","HETE","pred",1,1,0,"HETE",0.0341,2.688,0.0341,0,0.0341
"ERPA","ERPA10","C","HYME","pred",7,7,0,"HYME",0.1636,1.9,1.1452,0,1.1452
"ERPA","ERPA4","C","HYME","pred",2,2,0,"HYME",0.1636,1.9,0.3272,0,0.3272
"ERPA","ERPA8","C","HYME","pred",4,3,1,"HYME",0.1636,1.9,0.4908,2.27875315448393,2.76955315448393
"ERPA","ERPA2","C","ISOP","herb",1,1,0,"ISOP",0.0101,2.844,0.0101,0,0.0101
"ERPA","ERPA4","C","ORTH","herb",2,0,2,"ORTH",0.0255,2.637,0,1.97334206296005,1.97334206296005
"ERPA","ERPA8","C","THYS","herb",2,2,0,"THYS",0.0071,2.537,0.0142,0,0.0142
"ERPA","ERPA11","T","ACAR","pred",1,1,0,"ACAR",0.053,2.494,0.053,0,0.053
"ERPA","ERPA11","T","ARAN","pred",2,2,0,"ARAN",0.1044,2.296,0.2088,0,0.2088
"ERPA","ERPA3","T","ARAN","pred",1,0,1,"ARAN",0.1044,2.296,0,2.51785223292632,2.51785223292632
"ERPA","ERPA7","T","ARAN","pred",4,2,2,"ARAN",0.1044,2.296,0.2088,5.03570446585264,5.24450446585264
"ERPA","ERPA13","T","ARAN","pred",1,1,0,"ARAN",0.1044,2.296,0.1044,0,0.1044
"ERPA","ERPA5","T","ARAN","pred",3,2,1,"ARAN",0.1044,2.296,0.2088,2.51785223292632,2.72665223292632
"ERPA","ERPA1","T","AUCH","herb",1,1,0,"AUCH",0.0548,2.354,0.0548,0,0.0548
"ERPA","ERPA11","T","AUCH","herb",1,1,0,"AUCH",0.0548,2.354,0.0548,0,0.0548
"ERPA","ERPA12","T","AUCH","herb",1,1,0,"AUCH",0.0548,2.354,0.0548,0,0.0548
"ERPA","ERPA13","T","AUCH","herb",7,7,0,"AUCH",0.0548,2.354,0.3836,0,0.3836
"ERPA","ERPA3","T","AUCH","herb",3,3,0,"AUCH",0.0548,2.354,0.1644,0,0.1644
"ERPA","ERPA5","T","AUCH","herb",7,7,0,"AUCH",0.0548,2.354,0.3836,0,0.3836
"ERPA","ERPA7","T","AUCH","herb",1,1,0,"AUCH",0.0548,2.354,0.0548,0,0.0548
"ERPA","ERPA3","T","COCC","pred",1,1,0,"COLE",0.041,2.64,0.041,0,0.041
"ERPA","ERPA1","T","COLE","herb",1,0,1,"COLE",0.041,2.64,0,1.5930236883263,1.5930236883263
"ERPA","ERPA12","T","COLE","herb",3,3,0,"COLE",0.041,2.64,0.123,0,0.123
"ERPA","ERPA3","T","COLE","herb",8,1,7,"COLE",0.041,2.64,0.041,11.1511658182841,11.1921658182841
"ERPA","ERPA7","T","COLE","herb",1,1,0,"COLE",0.041,2.64,0.041,0,0.041
"ERPA","ERPA13","T","COLE","herb",9,8,1,"COLE",0.041,2.64,0.328,1.5930236883263,1.9210236883263
"ERPA","ERPA5","T","COLE","herb",1,1,0,"COLE",0.041,2.64,0.041,0,0.041
"ERPA","ERPA9","T","COLE","herb",3,3,0,"COLE",0.041,2.64,0.123,0,0.123
"ERPA","ERPA3","T","DIPT","herb",1,1,0,"DIPT",0.0312,2.392,0.0312,0,0.0312
"ERPA","ERPA12","T","HETE","pred",2,2,0,"HETE",0.0341,2.688,0.0682,0,0.0682
"ERPA","ERPA1","T","HYME","pred",1,1,0,"HYME",0.1636,1.9,0.1636,0,0.1636
"ERPA","ERPA11","T","HYME","pred",2,2,0,"HYME",0.1636,1.9,0.3272,0,0.3272
"ERPA","ERPA12","T","HYME","pred",6,6,0,"HYME",0.1636,1.9,0.9816,0,0.9816
"ERPA","ERPA3","T","HYME","pred",5,2,3,"HYME",0.1636,1.9,0.3272,6.8362594634518,7.1634594634518
"ERPA","ERPA7","T","HYME","pred",6,5,1,"HYME",0.1636,1.9,0.818,2.27875315448393,3.09675315448393
"ERPA","ERPA13","T","HYME","pred",1,1,0,"HYME",0.1636,1.9,0.1636,0,0.1636
"ERPA","ERPA5","T","HYME","pred",10,6,4,"HYME",0.1636,1.9,0.9816,9.11501261793574,10.0966126179357
"ERPA","ERPA7","T","LEPI","herb",1,1,0,"LEPI",0.011,2.571,0.011,0,0.011
"ERPA","ERPA1","T","MIRID","omni",1,1,0,"HETE",0.0341,2.688,0.0341,0,0.0341
"ERPA","ERPA12","T","MIRID","omni",1,1,0,"HETE",0.0341,2.688,0.0341,0,0.0341
"ERPA","ERPA5","T","MIRID","omni",1,0,1,"HETE",0.0341,2.688,0,1.41609254248404,1.41609254248404
"ERPA","ERPA7","T","MIRID","omni",10,10,0,"HETE",0.0341,2.688,0.341,0,0.341
"ERPA","ERPA1","T","ORTH","herb",1,0,1,"ORTH",0.0255,2.637,0,0.986671031480023,0.986671031480023
"ERPA","ERPA12","T","ORTH","herb",1,1,0,"ORTH",0.0255,2.637,0.0255,0,0.0255
"ERPA","ERPA13","T","PSOC","herb",3,3,0,"PSOC",0.0425,1.637,0.1275,0,0.1275
"ERPA","ERPA13","T","STER","herb",4,4,0,"STER",0.0598,1.724,0.2392,0,0.2392
"ERPA","ERPA5","T","STER","herb",1,1,0,"STER",0.0598,1.724,0.0598,0,0.0598
"ERPA","ERPA1","T","THYS","herb",1,1,0,"THYS",0.0071,2.537,0.0071,0,0.0071
"ERPA","ERPA11","T","THYS","herb",2,2,0,"THYS",0.0071,2.537,0.0142,0,0.0142
"ERPA","ERPA7","T","THYS","herb",2,2,0,"THYS",0.0071,2.537,0.0142,0,0.0142
"ISME","ISME9","C","ARAN","pred",2,1,1,"ARAN",0.1044,2.296,0.1044,2.51785223292632,2.62225223292632
"ISME","ISME11","C","ARAN","pred",1,0,1,"ARAN",0.1044,2.296,0,2.51785223292632,2.51785223292632
"ISME","ISME12","C","ARAN","pred",2,1,1,"ARAN",0.1044,2.296,0.1044,2.51785223292632,2.62225223292632
"ISME","ISME12","C","AUCH","herb",5,5,0,"AUCH",0.0548,2.354,0.274,0,0.274
"ISME","ISME13","C","AUCH","herb",3,3,0,"AUCH",0.0548,2.354,0.1644,0,0.1644
"ISME","ISME10","C","COLE","herb",18,3,15,"COLE",0.041,2.64,0.123,23.8953553248945,24.0183553248945
"ISME","ISME11","C","COLE","herb",24,2,22,"COLE",0.041,2.64,0.082,35.0465211431786,35.1285211431786
"ISME","ISME12","C","COLE","herb",20,12,8,"COLE",0.041,2.64,0.492,12.7441895066104,13.2361895066104
"ISME","ISME13","C","COLE","herb",21,5,16,"COLE",0.041,2.64,0.205,25.4883790132208,25.6933790132208
"ISME","ISME9","C","COLE","herb",15,5,10,"COLE",0.041,2.64,0.205,15.930236883263,16.135236883263
"ISME","ISME13","C","DIPT","herb",1,1,0,"DIPT",0.0312,2.392,0.0312,0,0.0312
"ISME","ISME10","C","HETE","pred",2,2,0,"HETE",0.0341,2.688,0.0682,0,0.0682
"ISME","ISME12","C","HETE","pred",2,2,0,"HETE",0.0341,2.688,0.0682,0,0.0682
"ISME","ISME11","C","HYME","pred",1,1,0,"HYME",0.1636,1.9,0.1636,0,0.1636
"ISME","ISME12","C","MIRID","omni",1,1,0,"HETE",0.0341,2.688,0.0341,0,0.0341
"ISME","ISME12","C","ORTH","herb",1,0,1,"ORTH",0.0255,2.637,0,0.986671031480023,0.986671031480023
"ISME","ISME11","C","STER","herb",7,7,0,"STER",0.0598,1.724,0.4186,0,0.4186
"ISME","ISME12","C","STER","herb",4,4,0,"STER",0.0598,1.724,0.2392,0,0.2392
"ISME","ISME9","C","STER","herb",8,8,0,"STER",0.0598,1.724,0.4784,0,0.4784
"ISME","ISME1","T","ARAN","pred",3,2,1,"ARAN",0.1044,2.296,0.2088,2.51785223292632,2.72665223292632
"ISME","ISME3","T","ARAN","pred",2,0,2,"ARAN",0.1044,2.296,0,5.03570446585264,5.03570446585264
"ISME","ISME4","T","ARAN","pred",3,1,2,"ARAN",0.1044,2.296,0.1044,5.03570446585264,5.14010446585264
"ISME","ISME5","T","ARAN","pred",3,1,2,"ARAN",0.1044,2.296,0.1044,5.03570446585264,5.14010446585264
"ISME","ISME8","T","ARAN","pred",3,3,0,"ARAN",0.1044,2.296,0.3132,0,0.3132
"ISME","ISME2","T","ARAN","pred",4,3,1,"ARAN",0.1044,2.296,0.3132,2.51785223292632,2.83105223292632
"ISME","ISME2","T","ARCH","herb",1,1,0,"THYS",0.0071,2.537,0.0071,0,0.0071
"ISME","ISME1","T","AUCH","herb",3,3,0,"AUCH",0.0548,2.354,0.1644,0,0.1644
"ISME","ISME4","T","AUCH","herb",2,2,0,"AUCH",0.0548,2.354,0.1096,0,0.1096
"ISME","ISME5","T","AUCH","herb",3,3,0,"AUCH",0.0548,2.354,0.1644,0,0.1644
"ISME","ISME6","T","AUCH","herb",7,6,1,"AUCH",0.0548,2.354,0.3288,1.43228610281054,1.76108610281054
"ISME","ISME7","T","AUCH","herb",1,0,1,"AUCH",0.0548,2.354,0,1.43228610281054,1.43228610281054
"ISME","ISME8","T","AUCH","herb",5,5,0,"AUCH",0.0548,2.354,0.274,0,0.274
"ISME","ISME1","T","COLE","herb",3,0,3,"COLE",0.041,2.64,0,4.7790710649789,4.7790710649789
"ISME","ISME3","T","COLE","herb",6,0,6,"COLE",0.041,2.64,0,9.55814212995781,9.55814212995781
"ISME","ISME4","T","COLE","herb",14,6,8,"COLE",0.041,2.64,0.246,12.7441895066104,12.9901895066104
"ISME","ISME5","T","COLE","herb",6,1,5,"COLE",0.041,2.64,0.041,7.96511844163151,8.00611844163151
"ISME","ISME6","T","COLE","herb",20,10,10,"COLE",0.041,2.64,0.41,15.930236883263,16.340236883263
"ISME","ISME7","T","COLE","herb",3,0,3,"COLE",0.041,2.64,0,4.7790710649789,4.7790710649789
"ISME","ISME8","T","COLE","herb",17,3,14,"COLE",0.041,2.64,0.123,22.3023316365682,22.4253316365682
"ISME","ISME2","T","COLE","herb",7,4,3,"COLE",0.041,2.64,0.164,4.7790710649789,4.9430710649789
"ISME","ISME2","T","DERM","omni",2,1,1,"DERM",0.0015,3.497,0.0015,0.191203152594136,0.192703152594136
"ISME","ISME2","T","DIPT","herb",1,1,0,"DIPT",0.0312,2.392,0.0312,0,0.0312
"ISME","ISME7","T","HYME","pred",1,1,0,"HYME",0.1636,1.9,0.1636,0,0.1636
"ISME","ISME8","T","HYME","pred",2,2,0,"HYME",0.1636,1.9,0.3272,0,0.3272
"ISME","ISME2","T","HYME","pred",1,1,0,"HYME",0.1636,1.9,0.1636,0,0.1636
"ISME","ISME2","T","ISOP","herb",2,0,2,"ISOP",0.0101,2.844,0,1.04138180346782,1.04138180346782
"ISME","ISME7","T","NEUR","pred",1,1,0,"NEUR",0.0814,1.53,0.0814,0,0.0814
"ISME","ISME3","T","STER","herb",2,2,0,"STER",0.0598,1.724,0.1196,0,0.1196
"ISME","ISME5","T","STER","herb",3,3,0,"STER",0.0598,1.724,0.1794,0,0.1794
"ISME","ISME6","T","STER","herb",2,2,0,"STER",0.0598,1.724,0.1196,0,0.1196
"LUAL","LUAL2","C","ARAN","pred",3,1,2,"ARAN",0.1044,2.296,0.1044,5.03570446585264,5.14010446585264
"LUAL","LUAL3","C","ARAN","pred",2,2,0,"ARAN",0.1044,2.296,0.2088,0,0.2088
"LUAL","LUAL2","C","AUCH","herb",8,8,0,"AUCH",0.0548,2.354,0.4384,0,0.4384
"LUAL","LUAL3","C","AUCH","herb",5,5,0,"AUCH",0.0548,2.354,0.274,0,0.274
"LUAL","LUAL5","C","AUCH","herb",4,2,0,"AUCH",0.0548,2.354,0.1096,0,0.1096
"LUAL","LUAL8","C","AUCH","herb",6,2,4,"AUCH",0.0548,2.354,0.1096,5.72914441124215,5.83874441124215
"LUAL","LUAL9","C","AUCH","herb",7,7,0,"AUCH",0.0548,2.354,0.3836,0,0.3836
"LUAL","LUAL9","C","COCC","pred",2,1,1,"COLE",0.041,2.64,0.041,1.5930236883263,1.6340236883263
"LUAL","LUAL2","C","COLE","herb",4,2,2,"COLE",0.041,2.64,0.082,3.1860473766526,3.2680473766526
"LUAL","LUAL3","C","COLE","herb",4,3,1,"COLE",0.041,2.64,0.123,1.5930236883263,1.7160236883263
"LUAL","LUAL9","C","COLE","herb",9,6,3,"COLE",0.041,2.64,0.246,4.7790710649789,5.0250710649789
"LUAL","LUAL3","C","DIPT","herb",1,1,0,"DIPT",0.0312,2.392,0.0312,0,0.0312
"LUAL","LUAL9","C","DIPT","herb",3,2,1,"DIPT",0.0312,2.392,0.0624,0.859571669637562,0.921971669637562
"LUAL","LUAL2","C","HETE","pred",5,4,1,"HETE",0.0341,2.688,0.1364,1.41609254248404,1.55249254248404
"LUAL","LUAL3","C","HETE","pred",3,2,1,"HETE",0.0341,2.688,0.0682,1.41609254248404,1.48429254248404
"LUAL","LUAL5","C","HETE","pred",2,1,0,"HETE",0.0341,2.688,0.0341,0,0.0341
"LUAL","LUAL2","C","HYME","pred",3,3,0,"HYME",0.1636,1.9,0.4908,0,0.4908
"LUAL","LUAL9","C","HYME","pred",1,1,0,"HYME",0.1636,1.9,0.1636,0,0.1636
"LUAL","LUAL5","C","LEPI","herb",2,1,1,"LEPI",0.011,2.571,0.011,0.38840867649477,0.39940867649477
"LUAL","LUAL2","C","MIRID","omni",2,1,1,"HETE",0.0341,2.688,0.0341,1.41609254248404,1.45019254248404
"LUAL","LUAL5","C","MIRID","omni",1,1,0,"HETE",0.0341,2.688,0.0341,0,0.0341
"LUAL","LUAL5","C","NEUR","pred",1,1,0,"NEUR",0.0814,1.53,0.0814,0,0.0814
"LUAL","LUAL5","C","PSOC","herb",3,3,0,"PSOC",0.0425,1.637,0.1275,0,0.1275
"LUAL","LUAL9","C","PSOC","herb",1,1,0,"PSOC",0.0425,1.637,0.0425,0,0.0425
"LUAL","LUAL2","C","STER","herb",2,2,0,"STER",0.0598,1.724,0.1196,0,0.1196
"LUAL","LUAL5","C","STER","herb",5,5,0,"STER",0.0598,1.724,0.299,0,0.299
"LUAL","LUAL8","C","STER","herb",3,3,0,"STER",0.0598,1.724,0.1794,0,0.1794
"LUAL","LUAL9","C","STER","herb",5,5,0,"STER",0.0598,1.724,0.299,0,0.299
"LUAL","LUAL10","T","ACAR","pred",1,1,0,"ACAR",0.053,2.494,0.053,0,0.053
"LUAL","LUAL12","T","ACAR","pred",4,4,0,"ACAR",0.053,2.494,0.212,0,0.212
"LUAL","LUAL13","T","ACAR","pred",1,1,0,"ACAR",0.053,2.494,0.053,0,0.053
"LUAL","LUAL7","T","ACAR","pred",2,2,0,"ACAR",0.053,2.494,0.106,0,0.106
"LUAL","LUAL10","T","ARAN","pred",1,1,0,"ARAN",0.1044,2.296,0.1044,0,0.1044
"LUAL","LUAL11","T","ARAN","pred",5,1,4,"ARAN",0.1044,2.296,0.1044,10.0714089317053,10.1758089317053
"LUAL","LUAL12","T","ARAN","pred",2,0,2,"ARAN",0.1044,2.296,0,5.03570446585264,5.03570446585264
"LUAL","LUAL1","T","ARAN","pred",3,3,0,"ARAN",0.1044,2.296,0.3132,0,0.3132
"LUAL","LUAL6","T","ARAN","pred",4,2,2,"ARAN",0.1044,2.296,0.2088,5.03570446585264,5.24450446585264
"LUAL","LUAL7","T","ARAN","pred",4,2,2,"ARAN",0.1044,2.296,0.2088,5.03570446585264,5.24450446585264
"LUAL","LUAL1","T","AUCH","herb",1,1,0,"AUCH",0.0548,2.354,0.0548,0,0.0548
"LUAL","LUAL10","T","AUCH","herb",2,2,0,"AUCH",0.0548,2.354,0.1096,0,0.1096
"LUAL","LUAL11","T","AUCH","herb",7,7,0,"AUCH",0.0548,2.354,0.3836,0,0.3836
"LUAL","LUAL12","T","AUCH","herb",33,32,1,"AUCH",0.0548,2.354,1.7536,1.43228610281054,3.18588610281054
"LUAL","LUAL13","T","AUCH","herb",31,27,4,"AUCH",0.0548,2.354,1.4796,5.72914441124215,7.20874441124215
"LUAL","LUAL4","T","AUCH","herb",2,2,0,"AUCH",0.0548,2.354,0.1096,0,0.1096
"LUAL","LUAL6","T","AUCH","herb",2,2,0,"AUCH",0.0548,2.354,0.1096,0,0.1096
"LUAL","LUAL7","T","AUCH","herb",20,19,1,"AUCH",0.0548,2.354,1.0412,1.43228610281054,2.47348610281054
"LUAL","LUAL11","T","COCC","pred",2,2,0,"COLE",0.041,2.64,0.082,0,0.082
"LUAL","LUAL12","T","COCC","pred",1,1,0,"COLE",0.041,2.64,0.041,0,0.041
"LUAL","LUAL7","T","COCC","pred",1,1,0,"COLE",0.041,2.64,0.041,0,0.041
"LUAL","LUAL10","T","COLE","herb",3,1,2,"COLE",0.041,2.64,0.041,3.1860473766526,3.2270473766526
"LUAL","LUAL11","T","COLE","herb",21,3,18,"COLE",0.041,2.64,0.123,28.6744263898734,28.7974263898734
"LUAL","LUAL12","T","COLE","herb",5,2,3,"COLE",0.041,2.64,0.082,4.7790710649789,4.8610710649789
"LUAL","LUAL13","T","COLE","herb",2,2,0,"COLE",0.041,2.64,0.082,0,0.082
"LUAL","LUAL1","T","COLE","herb",28,22,6,"COLE",0.041,2.64,0.902,9.55814212995781,10.4601421299578
"LUAL","LUAL6","T","COLE","herb",1,1,0,"COLE",0.041,2.64,0.041,0,0.041
"LUAL","LUAL7","T","COLE","herb",2,2,0,"COLE",0.041,2.64,0.082,0,0.082
"LUAL","LUAL10","T","DIPT","herb",1,1,0,"DIPT",0.0312,2.392,0.0312,0,0.0312
"LUAL","LUAL7","T","DIPT","herb",1,1,0,"DIPT",0.0312,2.392,0.0312,0,0.0312
"LUAL","LUAL1","T","HETE","pred",1,1,0,"HETE",0.0341,2.688,0.0341,0,0.0341
"LUAL","LUAL4","T","HETE","pred",1,1,0,"HETE",0.0341,2.688,0.0341,0,0.0341
"LUAL","LUAL6","T","HETE","pred",2,1,1,"HETE",0.0341,2.688,0.0341,1.41609254248404,1.45019254248404
"LUAL","LUAL7","T","HETE","pred",2,0,2,"HETE",0.0341,2.688,0,2.83218508496807,2.83218508496807
"LUAL","LUAL11","T","HYME","pred",2,1,1,"HYME",0.1636,1.9,0.1636,2.27875315448393,2.44235315448393
"LUAL","LUAL12","T","HYME","pred",1,1,0,"HYME",0.1636,1.9,0.1636,0,0.1636
"LUAL","LUAL4","T","HYME","pred",2,0,2,"HYME",0.1636,1.9,0,4.55750630896787,4.55750630896787
"LUAL","LUAL1","T","HYME","pred",1,1,0,"HYME",0.1636,1.9,0.1636,0,0.1636
"LUAL","LUAL6","T","HYME","pred",1,1,0,"HYME",0.1636,1.9,0.1636,0,0.1636
"LUAL","LUAL7","T","HYME","pred",4,3,1,"HYME",0.1636,1.9,0.4908,2.27875315448393,2.76955315448393
"LUAL","LUAL12","T","LEPI","herb",1,0,1,"LEPI",0.011,2.571,0,0.38840867649477,0.38840867649477
"LUAL","LUAL7","T","LEPI","herb",2,0,2,"LEPI",0.011,2.571,0,0.776817352989539,0.776817352989539
"LUAL","LUAL1","T","MIRID","omni",1,1,0,"HETE",0.0341,2.688,0.0341,0,0.0341
"LUAL","LUAL11","T","MIRID","omni",4,4,0,"HETE",0.0341,2.688,0.1364,0,0.1364
"LUAL","LUAL12","T","MIRID","omni",3,3,0,"HETE",0.0341,2.688,0.1023,0,0.1023
"LUAL","LUAL6","T","MIRID","omni",4,1,3,"HETE",0.0341,2.688,0.0341,4.24827762745211,4.28237762745211
"LUAL","LUAL12","T","ORTH","herb",1,0,1,"ORTH",0.0255,2.637,0,0.986671031480023,0.986671031480023
"LUAL","LUAL13","T","ORTH","herb",2,0,2,"ORTH",0.0255,2.637,0,1.97334206296005,1.97334206296005
"LUAL","LUAL6","T","ORTH","herb",1,0,1,"ORTH",0.0255,2.637,0,0.986671031480023,0.986671031480023
"LUAL","LUAL10","T","STER","herb",1,1,0,"STER",0.0598,1.724,0.0598,0,0.0598
"LUAL","LUAL7","T","THYS","herb",1,1,0,"THYS",0.0071,2.537,0.0071,0,0.0071
"SAAP","SAAP6","C","ACAR","pred",1,1,0,"ACAR",0.053,2.494,0.053,0,0.053
"SAAP","SAAP12","C","ARAN","pred",1,0,1,"ARAN",0.1044,2.296,0,2.51785223292632,2.51785223292632
"SAAP","SAAP2","C","ARAN","pred",3,2,1,"ARAN",0.1044,2.296,0.2088,2.51785223292632,2.72665223292632
"SAAP","SAAP2","C","ARCH","herb",2,0,2,"THYS",0.0071,2.537,0,0.478315596699969,0.478315596699969
"SAAP","SAAP6","C","ARCH","herb",1,0,1,"THYS",0.0071,2.537,0,0.239157798349984,0.239157798349984
"SAAP","SAAP12","C","AUCH","herb",16,12,4,"AUCH",0.0548,2.354,0.6576,5.72914441124215,6.38674441124214
"SAAP","SAAP2","C","AUCH","herb",28,24,4,"AUCH",0.0548,2.354,1.3152,5.72914441124215,7.04434441124214
"SAAP","SAAP4","C","AUCH","herb",31,23,8,"AUCH",0.0548,2.354,1.2604,11.4582888224843,12.7186888224843
"SAAP","SAAP6","C","AUCH","herb",23,23,0,"AUCH",0.0548,2.354,1.2604,0,1.2604
"SAAP","SAAP8","C","AUCH","herb",5,5,0,"AUCH",0.0548,2.354,0.274,0,0.274
"SAAP","SAAP4","C","COCC","pred",1,0,1,"COLE",0.041,2.64,0,1.5930236883263,1.5930236883263
"SAAP","SAAP6","C","COCC","pred",1,0,1,"COLE",0.041,2.64,0,1.5930236883263,1.5930236883263
"SAAP","SAAP2","C","COLE","herb",1,0,1,"COLE",0.041,2.64,0,1.5930236883263,1.5930236883263
"SAAP","SAAP6","C","COLE","herb",1,0,1,"COLE",0.041,2.64,0,1.5930236883263,1.5930236883263
"SAAP","SAAP8","C","COLE","herb",1,0,1,"COLE",0.041,2.64,0,1.5930236883263,1.5930236883263
"SAAP","SAAP4","C","HYME","pred",3,3,0,"HYME",0.1636,1.9,0.4908,0,0.4908
"SAAP","SAAP6","C","HYME","pred",1,1,0,"HYME",0.1636,1.9,0.1636,0,0.1636
"SAAP","SAAP12","C","LEPI","herb",1,0,1,"LEPI",0.011,2.571,0,0.38840867649477,0.38840867649477
"SAAP","SAAP2","C","LEPI","herb",1,0,1,"LEPI",0.011,2.571,0,0.38840867649477,0.38840867649477
"SAAP","SAAP4","C","LEPI","herb",2,0,2,"LEPI",0.011,2.571,0,0.776817352989539,0.776817352989539
"SAAP","SAAP6","C","MIRID","omni",1,1,0,"HETE",0.0341,2.688,0.0341,0,0.0341
"SAAP","SAAP6","C","NEUR","pred",1,1,0,"NEUR",0.0814,1.53,0.0814,0,0.0814
"SAAP","SAAP6","C","ORTH","herb",1,0,1,"ORTH",0.0255,2.637,0,0.986671031480023,0.986671031480023
"SAAP","SAAP12","C","STER","herb",3,3,0,"STER",0.0598,1.724,0.1794,0,0.1794
"SAAP","SAAP2","C","STER","herb",3,2,1,"STER",0.0598,1.724,0.1196,0.652608324206283,0.772208324206283
"SAAP","SAAP15","T","ACAR","pred",1,1,0,"ACAR",0.053,2.494,0.053,0,0.053
"SAAP","SAAP7","T","ACAR","pred",3,3,0,"ACAR",0.053,2.494,0.159,0,0.159
"SAAP","SAAP1","T","ARAN","pred",2,0,2,"ARAN",0.1044,2.296,0,5.03570446585264,5.03570446585264
"SAAP","SAAP15","T","ARAN","pred",4,2,2,"ARAN",0.1044,2.296,0.2088,5.03570446585264,5.24450446585264
"SAAP","SAAP3","T","ARAN","pred",1,0,1,"ARAN",0.1044,2.296,0,2.51785223292632,2.51785223292632
"SAAP","SAAP7","T","ARAN","pred",2,0,2,"ARAN",0.1044,2.296,0,5.03570446585264,5.03570446585264
"SAAP","SAAP15","T","ARCH","herb",1,0,1,"THYS",0.0071,2.537,0,0.239157798349984,0.239157798349984
"SAAP","SAAP3","T","ARCH","herb",2,0,2,"THYS",0.0071,2.537,0,0.478315596699969,0.478315596699969
"SAAP","SAAP5","T","ARCH","herb",3,0,3,"THYS",0.0071,2.537,0,0.717473395049953,0.717473395049953
"SAAP","SAAP1","T","AUCH","herb",11,11,0,"AUCH",0.0548,2.354,0.6028,0,0.6028
"SAAP","SAAP10","T","AUCH","herb",56,54,2,"AUCH",0.0548,2.354,2.9592,2.86457220562107,5.82377220562107
"SAAP","SAAP11","T","AUCH","herb",30,23,7,"AUCH",0.0548,2.354,1.2604,10.0260027196738,11.2864027196738
"SAAP","SAAP15","T","AUCH","herb",10,10,0,"AUCH",0.0548,2.354,0.548,0,0.548
"SAAP","SAAP3","T","AUCH","herb",13,13,0,"AUCH",0.0548,2.354,0.7124,0,0.7124
"SAAP","SAAP5","T","AUCH","herb",5,5,0,"AUCH",0.0548,2.354,0.274,0,0.274
"SAAP","SAAP7","T","AUCH","herb",19,19,0,"AUCH",0.0548,2.354,1.0412,0,1.0412
"SAAP","SAAP9","T","AUCH","herb",17,14,3,"AUCH",0.0548,2.354,0.7672,4.29685830843161,5.06405830843161
"SAAP","SAAP1","T","COCC","pred",1,0,1,"COLE",0.041,2.64,0,1.5930236883263,1.5930236883263
"SAAP","SAAP1","T","COLE","herb",11,0,11,"COLE",0.041,2.64,0,17.5232605715893,17.5232605715893
"SAAP","SAAP10","T","COLE","herb",11,7,4,"COLE",0.041,2.64,0.287,6.37209475330521,6.65909475330521
"SAAP","SAAP11","T","COLE","herb",14,6,8,"COLE",0.041,2.64,0.246,12.7441895066104,12.9901895066104
"SAAP","SAAP15","T","COLE","herb",13,1,12,"COLE",0.041,2.64,0.041,19.1162842599156,19.1572842599156
"SAAP","SAAP3","T","COLE","herb",12,2,10,"COLE",0.041,2.64,0.082,15.930236883263,16.012236883263
"SAAP","SAAP7","T","COLE","herb",7,1,6,"COLE",0.041,2.64,0.041,9.55814212995781,9.59914212995781
"SAAP","SAAP9","T","COLE","herb",4,0,4,"COLE",0.041,2.64,0,6.37209475330521,6.37209475330521
"SAAP","SAAP1","T","DIPT","herb",1,1,0,"DIPT",0.0312,2.392,0.0312,0,0.0312
"SAAP","SAAP10","T","DIPT","herb",2,2,0,"DIPT",0.0312,2.392,0.0624,0,0.0624
"SAAP","SAAP3","T","DIPT","herb",4,4,0,"DIPT",0.0312,2.392,0.1248,0,0.1248
"SAAP","SAAP15","T","HETE","pred",1,1,0,"HETE",0.0341,2.688,0.0341,0,0.0341
"SAAP","SAAP1","T","HYME","pred",4,1,3,"HYME",0.1636,1.9,0.1636,6.8362594634518,6.9998594634518
"SAAP","SAAP10","T","HYME","pred",4,2,2,"HYME",0.1636,1.9,0.3272,4.55750630896787,4.88470630896787
"SAAP","SAAP11","T","HYME","pred",1,1,0,"HYME",0.1636,1.9,0.1636,0,0.1636
"SAAP","SAAP15","T","HYME","pred",7,7,0,"HYME",0.1636,1.9,1.1452,0,1.1452
"SAAP","SAAP3","T","HYME","pred",14,8,6,"HYME",0.1636,1.9,1.3088,13.6725189269036,14.9813189269036
"SAAP","SAAP7","T","HYME","pred",1,1,0,"HYME",0.1636,1.9,0.1636,0,0.1636
"SAAP","SAAP9","T","HYME","pred",1,0,1,"HYME",0.1636,1.9,0,2.27875315448393,2.27875315448393
"SAAP","SAAP3","T","LEPI","herb",1,0,1,"LEPI",0.011,2.571,0,0.38840867649477,0.38840867649477
"SAAP","SAAP5","T","LEPI","herb",1,0,1,"LEPI",0.011,2.571,0,0.38840867649477,0.38840867649477
"SAAP","SAAP11","T","LEPI","herb",1,1,0,"LEPI",0.011,2.571,0.011,0,0.011
"SAAP","SAAP3","T","MIRID","omni",3,3,0,"HETE",0.0341,2.688,0.1023,0,0.1023
"SAAP","SAAP5","T","MIRID","omni",9,6,3,"HETE",0.0341,2.688,0.2046,4.24827762745211,4.45287762745211
"SAAP","SAAP1","T","ORTH","herb",1,0,1,"ORTH",0.0255,2.637,0,0.986671031480023,0.986671031480023
"SAAP","SAAP3","T","ORTH","herb",1,0,1,"ORTH",0.0255,2.637,0,0.986671031480023,0.986671031480023
"SAAP","SAAP5","T","ORTH","herb",1,0,1,"ORTH",0.0255,2.637,0,0.986671031480023,0.986671031480023
"SAAP","SAAP7","T","ORTH","herb",1,0,1,"ORTH",0.0255,2.637,0,0.986671031480023,0.986671031480023
"SAAP","SAAP1","T","PSOC","herb",1,1,0,"PSOC",0.0425,1.637,0.0425,0,0.0425
"SAAP","SAAP1","T","STER","herb",5,5,0,"STER",0.0598,1.724,0.299,0,0.299
"SAAP","SAAP15","T","STER","herb",1,1,0,"STER",0.0598,1.724,0.0598,0,0.0598
"SAME","SAME11","C","ARAN","pred",1,0,1,"ARAN",0.1044,2.296,0,2.51785223292632,2.51785223292632
"SAME","SAME11","C","AUCH","herb",4,4,0,"AUCH",0.0548,2.354,0.2192,0,0.2192
"SAME","SAME2","C","AUCH","herb",5,5,0,"AUCH",0.0548,2.354,0.274,0,0.274
"SAME","SAME6","C","AUCH","herb",9,4,5,"AUCH",0.0548,2.354,0.2192,7.16143051405268,7.38063051405268
"SAME","SAME8","C","AUCH","herb",3,0,3,"AUCH",0.0548,2.354,0,4.29685830843161,4.29685830843161
"SAME","SAME9","C","AUCH","herb",5,1,4,"AUCH",0.0548,2.354,0.0548,5.72914441124215,5.78394441124215
"SAME","SAME11","C","COLE","herb",2,0,2,"COLE",0.041,2.64,0,3.1860473766526,3.1860473766526
"SAME","SAME6","C","COLE","herb",3,1,2,"COLE",0.041,2.64,0.041,3.1860473766526,3.2270473766526
"SAME","SAME8","C","COLE","herb",2,2,0,"COLE",0.041,2.64,0.082,0,0.082
"SAME","SAME11","C","DIPT","herb",2,2,0,"DIPT",0.0312,2.392,0.0624,0,0.0624
"SAME","SAME2","C","HETE","pred",2,2,0,"HETE",0.0341,2.688,0.0682,0,0.0682
"SAME","SAME6","C","HETE","pred",2,2,0,"HETE",0.0341,2.688,0.0682,0,0.0682
"SAME","SAME11","C","HYME","pred",1,1,0,"HYME",0.1636,1.9,0.1636,0,0.1636
"SAME","SAME2","C","ISOP","herb",1,0,1,"ISOP",0.0101,2.844,0,0.520690901733912,0.520690901733912
"SAME","SAME8","C","ISOP","herb",1,0,1,"ISOP",0.0101,2.844,0,0.520690901733912,0.520690901733912
"SAME","SAME11","C","MIRID","omni",3,2,1,"HETE",0.0341,2.688,0.0682,1.41609254248404,1.48429254248404
"SAME","SAME6","C","PSOC","herb",2,1,1,"PSOC",0.0425,1.637,0.0425,0.411112929783343,0.453612929783343
"SAME","SAME8","C","PSOC","herb",3,2,1,"PSOC",0.0425,1.637,0.085,0.411112929783343,0.496112929783343
"SAME","SAME2","C","STER","herb",2,2,0,"STER",0.0598,1.724,0.1196,0,0.1196
"SAME","SAME8","C","STER","herb",3,3,0,"STER",0.0598,1.724,0.1794,0,0.1794
"SAME","SAME9","C","STER","herb",4,2,2,"STER",0.0598,1.724,0.1196,1.30521664841257,1.42481664841257
"SAME","SAME10","T","ACAR","pred",1,1,0,"ACAR",0.053,2.494,0.053,0,0.053
"SAME","SAME10","T","ARAN","pred",3,3,0,"ARAN",0.1044,2.296,0.3132,0,0.3132
"SAME","SAME12","T","ARAN","pred",1,1,0,"ARAN",0.1044,2.296,0.1044,0,0.1044
"SAME","SAME3","T","ARAN","pred",4,3,1,"ARAN",0.1044,2.296,0.3132,2.51785223292632,2.83105223292632
"SAME","SAME4","T","ARAN","pred",1,1,0,"ARAN",0.1044,2.296,0.1044,0,0.1044
"SAME","SAME5","T","ARAN","pred",1,1,0,"ARAN",0.1044,2.296,0.1044,0,0.1044
"SAME","SAME14","T","ARAN","pred",2,1,1,"ARAN",0.1044,2.296,0.1044,2.51785223292632,2.62225223292632
"SAME","SAME1","T","AUCH","herb",8,6,2,"AUCH",0.0548,2.354,0.3288,2.86457220562107,3.19337220562107
"SAME","SAME10","T","AUCH","herb",1,1,0,"AUCH",0.0548,2.354,0.0548,0,0.0548
"SAME","SAME12","T","AUCH","herb",6,6,0,"AUCH",0.0548,2.354,0.3288,0,0.3288
"SAME","SAME14","T","AUCH","herb",3,3,0,"AUCH",0.0548,2.354,0.1644,0,0.1644
"SAME","SAME3","T","AUCH","herb",5,2,3,"AUCH",0.0548,2.354,0.1096,4.29685830843161,4.40645830843161
"SAME","SAME4","T","AUCH","herb",2,0,2,"AUCH",0.0548,2.354,0,2.86457220562107,2.86457220562107
"SAME","SAME5","T","AUCH","herb",10,10,0,"AUCH",0.0548,2.354,0.548,0,0.548
"SAME","SAME7","T","AUCH","herb",4,4,0,"AUCH",0.0548,2.354,0.2192,0,0.2192
"SAME","SAME7","T","COCC","pred",1,0,1,"COLE",0.041,2.64,0,1.5930236883263,1.5930236883263
"SAME","SAME12","T","COLE","herb",1,1,0,"COLE",0.041,2.64,0.041,0,0.041
"SAME","SAME3","T","COLE","herb",1,1,0,"COLE",0.041,2.64,0.041,0,0.041
"SAME","SAME4","T","COLE","herb",1,0,1,"COLE",0.041,2.64,0,1.5930236883263,1.5930236883263
"SAME","SAME5","T","COLE","herb",3,3,0,"COLE",0.041,2.64,0.123,0,0.123
"SAME","SAME7","T","COLE","herb",1,0,1,"COLE",0.041,2.64,0,1.5930236883263,1.5930236883263
"SAME","SAME1","T","COLE","herb",2,1,1,"COLE",0.041,2.64,0.041,1.5930236883263,1.6340236883263
"SAME","SAME14","T","COLE","herb",4,2,2,"COLE",0.041,2.64,0.082,3.1860473766526,3.2680473766526
"SAME","SAME10","T","DIPT","herb",1,1,0,"DIPT",0.0312,2.392,0.0312,0,0.0312
"SAME","SAME12","T","DIPT","herb",1,1,0,"DIPT",0.0312,2.392,0.0312,0,0.0312
"SAME","SAME3","T","DIPT","herb",1,1,0,"DIPT",0.0312,2.392,0.0312,0,0.0312
"SAME","SAME14","T","DIPT","herb",1,1,0,"DIPT",0.0312,2.392,0.0312,0,0.0312
"SAME","SAME12","T","HETE","pred",8,8,0,"HETE",0.0341,2.688,0.2728,0,0.2728
"SAME","SAME4","T","HETE","pred",18,8,10,"HETE",0.0341,2.688,0.2728,14.1609254248404,14.4337254248404
"SAME","SAME5","T","HETE","pred",1,1,0,"HETE",0.0341,2.688,0.0341,0,0.0341
"SAME","SAME10","T","HYME","pred",3,0,3,"HYME",0.1636,1.9,0,6.8362594634518,6.8362594634518
"SAME","SAME4","T","HYME","pred",5,0,5,"HYME",0.1636,1.9,0,11.3937657724197,11.3937657724197
"SAME","SAME5","T","HYME","pred",1,1,0,"HYME",0.1636,1.9,0.1636,0,0.1636
"SAME","SAME7","T","HYME","pred",2,2,0,"HYME",0.1636,1.9,0.3272,0,0.3272
"SAME","SAME1","T","HYME","pred",2,2,0,"HYME",0.1636,1.9,0.3272,0,0.3272
"SAME","SAME12","T","HYME","pred",2,1,1,"HYME",0.1636,1.9,0.1636,2.27875315448393,2.44235315448393
"SAME","SAME14","T","HYME","pred",3,2,1,"HYME",0.1636,1.9,0.3272,2.27875315448393,2.60595315448393
"SAME","SAME14","T","ISOP","herb",2,2,0,"ISOP",0.0101,2.844,0.0202,0,0.0202
"SAME","SAME7","T","LEPI","herb",2,1,1,"LEPI",0.011,2.571,0.011,0.38840867649477,0.39940867649477
"SAME","SAME10","T","MIRID","omni",3,3,0,"HETE",0.0341,2.688,0.1023,0,0.1023
"SAME","SAME3","T","MIRID","omni",1,1,0,"HETE",0.0341,2.688,0.0341,0,0.0341
"SAME","SAME12","T","ORTH","herb",1,0,1,"ORTH",0.0255,2.637,0,0.986671031480023,0.986671031480023
"SAME","SAME14","T","ORTH","herb",1,0,1,"ORTH",0.0255,2.637,0,0.986671031480023,0.986671031480023
"SAME","SAME5","T","PSOC","herb",2,0,2,"PSOC",0.0425,1.637,0,0.822225859566686,0.822225859566686
"SAME","SAME12","T","STER","herb",1,1,0,"STER",0.0598,1.724,0.0598,0,0.0598
"SAME","SAME14","T","STER","herb",3,3,0,"STER",0.0598,1.724,0.1794,0,0.1794
"SAME","SAME3","T","STER","herb",1,1,0,"STER",0.0598,1.724,0.0598,0,0.0598
"SAME","SAME4","T","STER","herb",2,2,0,"STER",0.0598,1.724,0.1196,0,0.1196
"SAME","SAME5","T","STER","herb",5,5,0,"STER",0.0598,1.724,0.299,0,0.299
"SAME","SAME7","T","STER","herb",4,4,0,"STER",0.0598,1.724,0.2392,0,0.2392
